{
    "name":"servoyextra",
    "displayName":"Servoy Extra Components",
    "packageType": "Web-Component",
    "icon": "https://raw.githubusercontent.com/Servoy/servoy-extra-components/master/servoy.png",
    "description": "A set of extra components like a tree and a table",
    "wikiUrl": "https://github.com/Servoy/servoy-extra-components/wiki",
    "sourceUrl" : "https://github.com/Servoy/servoy-extra-components",
    "releases" : [
    	{"version":"1.0.0","url":"https://github.com/Servoy/servoy-extra-components/releases/download/V1.0.0/servoy-extra-components.zip"},
    	{"version":"1.0.1","url":"https://github.com/Servoy/servoy-extra-components/releases/download/V1.0.1/servoy-extra-components.zip"},
    	{"version":"1.0.2","url":"https://github.com/Servoy/servoy-extra-components/releases/download/V1.0.2/servoy-extra-components.zip"},
    	{"version":"1.0.3","url":"https://github.com/Servoy/servoy-extra-components/releases/download/V1.0.3/servoy-extra-components.zip", "servoy-version":"8.1.1 - 8.2"},
    	{"version":"1.1.0","url":"https://github.com/Servoy/servoy-extra-components/releases/download/V1.1.0/servoy-extra-components.zip", "servoy-version":"8.1.1 - 8.2"},
    	{"version":"1.1.1","url":"https://github.com/Servoy/servoy-extra-components/releases/download/V1.1.1/servoy-extra-components.zip", "servoy-version":"8.1.1 - 8.2"},
    	{"version":"1.1.2","url":"https://github.com/Servoy/servoy-extra-components/releases/download/V1.1.2/servoy-extra-components.zip", "servoy-version":"8.1.2 - 8.2"},
    	{"version":"1.1.3","url":"https://github.com/Servoy/servoy-extra-components/releases/download/V1.1.3/servoy-extra-components.zip", "servoy-version":"8.1.2 - 8.2"},
    	{"version":"1.1.4","url":"https://github.com/Servoy/servoy-extra-components/releases/download/V1.1.4/servoy-extra-components.zip", "servoy-version":"8.1.2 - 8.2"},
    	{"version":"1.2","url":"https://github.com/Servoy/servoy-extra-components/releases/download/V1.2/servoy-extra-components.zip", "servoy-version":"8.2"},
    	{"version":"1.3","url":"https://github.com/Servoy/servoy-extra-components/releases/download/V1.3/servoy-extra-components.zip", "servoy-version":"8.2.1"},
    	{"version":"1.3.1","url":"https://github.com/Servoy/servoy-extra-components/releases/download/V1.3.1/servoy-extra-components.zip", "servoy-version":"8.2.1"},
    	{"version":"1.3.2","url":"https://github.com/Servoy/servoy-extra-components/releases/download/V1.3.2/servoy-extra-components.zip", "servoy-version":"8.2.1"},
    	{"version":"1.4.0","url":"https://github.com/Servoy/servoy-extra-components/releases/download/V1.4.0/servoy-extra-components.zip", "servoy-version":"8.2.1"},
    	{"version":"1.5.0","url":"https://github.com/Servoy/servoy-extra-components/releases/download/v1.5.0/servoy-extra-components.zip", "servoy-version":"8.2.1"},
	{"version":"1.5.1","url":"https://github.com/Servoy/servoy-extra-components/releases/download/v1.5.1/servoy-extra-components.zip", "servoy-version":"8.2.1"},
	{"version":"1.6.0","url":"https://github.com/Servoy/servoy-extra-components/releases/download/v1.6.0/servoy-extra-components.zip", "servoy-version":"8.2.1"},
	{"version":"1.6.1","url":"https://github.com/Servoy/servoy-extra-components/releases/download/v1.6.1/servoy-extra-components.zip", "servoy-version":"8.2.1"},
	{"version":"1.6.2","url":"https://github.com/Servoy/servoy-extra-components/releases/download/v1.6.2/servoy-extra-components.zip", "servoy-version":"8.3.2"},
	{"version":"1.6.3","url":"https://github.com/Servoy/servoy-extra-components/releases/download/v1.6.3/servoy-extra-components.zip", "servoy-version":"8.3.2"},
	{"version":"1.7.0","url":"https://github.com/Servoy/servoy-extra-components/releases/download/v1.7.0/servoy-extra-components.zip", "servoy-version":"8.4.0"},
	{"version":"1.8.0","url":"https://github.com/Servoy/servoy-extra-components/releases/download/v1.8.0/servoy-extra-components.zip", "servoy-version":"8.4.0", "dependency":"fontawesome#>=4.7.0"},
	{"version":"1.9.0","url":"https://github.com/Servoy/servoy-extra-components/releases/download/v1.9.0/servoy-extra-components.zip", "servoy-version":"2019.6", "dependency":"fontawesome#>=4.7.0"},
	{"version":"2.0.0","url":"https://github.com/Servoy/servoy-extra-components/releases/download/v2.0.0/servoy-extra-components.zip", "servoy-version":"2019.9", "dependency":"fontawesome#>=4.7.0"}
	]
}
